[{
    "src": "img/img-default.jpg",
    "name": "自定义",
    "id": "1"
}, {
    "src": "img/img01.jpg",
    "name": "莫负时光",
    "id": "2"
}, {
    "src": "img/img01.jpg",
    "name": "莫负时光",
    "id": "3"
}, {
    "src": "img/img01.jpg",
    "name": "莫负时光",
    "id": "4"
}, {
    "src": "img/img01.jpg",
    "name": "莫负时光",
    "id": "5"
}, {
    "src": "img/img01.jpg",
    "name": "莫负时光",
    "id": "6"
}, {
    "src": "img/img01.jpg",
    "name": "莫负时光",
    "id": "7"
}, {
    "src": "img/img01.jpg",
    "name": "莫负时光",
    "id": "8"
}]
